SETTD,DAILYT
2014-04-01,6363749.701
2014-04-02,5630825.535
2014-04-03,5173891.385
2014-04-04,5044050.18
2014-04-05,4383318.3
2014-04-06,4262109.115
2014-04-07,5099462.93
2014-04-08,5181023.405
2014-04-09,5263781.889
2014-04-10,5291241.455
2014-04-11,5253397.465
2014-04-12,4462922.879
2014-04-13,4318969.114
2014-04-14,5128605.399
2014-04-15,5158090.48
2014-04-16,5214111.6680000005
2014-04-17,5042052.798
2014-04-18,4251321.74
2014-04-19,4279159.798
2014-04-20,4087389.303
2014-04-21,4428401.46
2014-04-22,5550592.137
2014-04-23,5290924.89
2014-04-24,5354879.664
2014-04-25,4633000.014
2014-04-26,4766461.615
2014-04-27,4800318.199
2014-04-28,5668943.609
2014-04-29,5603860.873
2014-04-30,5767658.929
2014-05-01,6092459.772999999
2014-05-02,6247405.8489999985
2014-05-03,5515043.9
2014-05-04,5852192.577000001
2014-05-05,6532366.149
2014-05-06,6493715.986000001
2014-05-07,6385016.64
2014-05-08,6507758.101
2014-05-09,6299815.99
2014-05-10,5577307.4
2014-05-11,5193492.122
2014-05-12,6090149.486000001
2014-05-13,6042691.497
2014-05-14,5909876.396000002
2014-05-15,5562200.548
2014-05-16,5320958.205
2014-05-17,4706521.471
2014-05-18,4559652.97
2014-05-19,5281045.529
2014-05-20,5398581.977000001
2014-05-21,5377306.124
2014-05-22,5325499.406
2014-05-23,5380971.014
2014-05-24,4913069.88
2014-05-25,4794920.329
2014-05-26,5594485.188999998
2014-05-27,5530392.449
2014-05-28,5753426.63
2014-05-29,6009448.369
2014-05-30,6064794.631
2014-05-31,5334707.844
2014-06-01,5461514.007
2014-06-02,6138530.573
2014-06-03,6178048.34
2014-06-04,6140290.534
2014-06-05,6162138.363
2014-06-06,6230004.135
2014-06-07,5347404.379
2014-06-08,5209929.641
2014-06-09,5751502.955
2014-06-10,6371684.498
2014-06-11,6582284.364
2014-06-12,6562492.31
2014-06-13,6224521.9739999985
2014-06-14,5778191.542
2014-06-15,5615947.957
2014-06-16,6653602.783
2014-06-17,6662307.291
2014-06-18,6602329.438999998
2014-06-19,6943596.478999998
2014-06-20,6620943.384
2014-06-21,5767220.502
2014-06-22,5793309.016
2014-06-23,6847461.0589999985
2014-06-24,7624486.114
2014-06-25,7100032.48
2014-06-26,6818697.416
2014-06-27,6853869.488
2014-06-28,6256325.43
2014-06-29,6603487.967
2014-06-30,7561837.263999999
2014-07-01,7281406.334
2014-07-02,6620476.076
2014-07-03,6962431.361000001
2014-07-04,7200371.514
2014-07-05,6255118.225
2014-07-06,6071270.989
2014-07-07,6734113.074
2014-07-08,6783730.102999999
2014-07-09,7268629.774
2014-07-10,7311047.047
2014-07-11,6926043.427
2014-07-12,6606714.522999999
2014-07-13,6382755.824
2014-07-14,7336471.99
2014-07-15,7519806.06
2014-07-16,7126913.919
2014-07-17,7420829.747
2014-07-18,7479372.068
2014-07-19,6604190.677999998
2014-07-20,6322250.774
2014-07-21,7573569.15
2014-07-22,7766059.612000002
2014-07-23,7606524.873
2014-07-24,7527398.987000002
2014-07-25,6825864.462
2014-07-26,6154526.294
2014-07-27,5869381.8089999985
2014-07-28,6665348.534
2014-07-29,6783777.4739999985
2014-07-30,6161854.597999998
2014-07-31,6511392.575
2014-08-01,7865703.365
2014-08-02,7039692.4070000015
2014-08-03,6852729.946
2014-08-04,7748828.534
2014-08-05,7389867.978999998
2014-08-06,6900418.039
2014-08-07,7085362.08
2014-08-08,6697129.914
2014-08-09,6215185.904
2014-08-10,6213749.476
2014-08-11,7600489.299
2014-08-12,7515325.763999999
2014-08-13,7048326.962
2014-08-14,6883472.505
2014-08-15,6800696.445
2014-08-16,6318781.031
2014-08-17,6046407.863
2014-08-18,7164387.541
2014-08-19,7069869.839
2014-08-20,7015182.998
2014-08-21,6610729.847999998
2014-08-22,6132020.085
2014-08-23,5227726.088
2014-08-24,5396569.278
2014-08-25,6380433.525
2014-08-26,6233687.536
2014-08-27,5994076.647000001
2014-08-28,5945618.807
2014-08-29,6201448.0260000015
2014-08-30,4934017.017
2014-08-31,4740018.949
2014-09-01,6192730.074
2014-09-02,6381074.7
2014-09-03,6486310.697000002
2014-09-04,6452074.296
2014-09-05,6331100.46
2014-09-06,5321086.462
2014-09-07,4884171.94
2014-09-08,5522105.909
2014-09-09,5494477.296
2014-09-10,5513451.436000002
2014-09-11,5771038.049
2014-09-12,6008044.2
2014-09-13,5122289.287
2014-09-14,4859091.463
2014-09-15,5841207.088
2014-09-16,6268360.999
2014-09-17,6377439.477000001
2014-09-18,6622438.83
2014-09-19,6175244.55
2014-09-20,5287826.785
2014-09-21,4908840.23
2014-09-22,5530956.165
2014-09-23,5196025.915
2014-09-24,5189655.99
2014-09-25,5414219.205
2014-09-26,5262097.796
2014-09-27,4406498.905
2014-09-28,4247379.392
2014-09-29,4962396.282
2014-09-30,5220544.52
2014-10-01,5569370.292
2014-10-02,5704628.589
2014-10-03,5399242.87
2014-10-04,4458804.071
2014-10-05,4278603.826
2014-10-06,5496053.842
2014-10-07,5371594.128
2014-10-08,5477904.426
2014-10-09,5195589.87
2014-10-10,5062591.745
2014-10-11,4357338.906
2014-10-12,4259564.828
2014-10-13,5535787.7239999985
2014-10-14,5759664.355
2014-10-15,5793440.607000002
2014-10-16,5781450.504
2014-10-17,5381232.197000002
2014-10-18,4558347.727
2014-10-19,4303464.451
2014-10-20,5062324.466
2014-10-21,5159610.169
2014-10-22,5450039.79
2014-10-23,5102546.142
2014-10-24,5344116.914
2014-10-25,4328592.065
2014-10-26,4204521.241
2014-10-27,5125170.419
2014-10-28,5247840.926
2014-10-29,5117414.844
2014-10-30,5034133.636
2014-10-31,5231447.808
2014-11-01,4358021.746
2014-11-02,4338690.393999998
2014-11-03,4752242.995
2014-11-04,4208098.969
2014-11-05,5011141.332
2014-11-06,5009129.383
2014-11-07,5462589.89
2014-11-08,4895831.186000002
2014-11-09,4131467.572
2014-11-10,4958590.573
2014-11-11,4965557.837
2014-11-12,5034982.679
2014-11-13,5529461.687999999
2014-11-14,5152330.987
2014-11-15,4349452.545
2014-11-16,4384216.215
2014-11-17,5032585.946
2014-11-18,5019732.797
2014-11-19,5223124.397
2014-11-20,5379581.607000002
2014-11-21,5067491.332
2014-11-22,4555673.43
2014-11-23,4389634.957
2014-11-24,5181252.185
2014-11-25,4985329.045
2014-11-26,5045049.364
2014-11-27,4948638.117
2014-11-28,4923411.257
2014-11-29,4349661.762
2014-11-30,5203039.254
2014-12-01,5940705.503
2014-12-02,5468927.389
2014-12-03,5176812.048
2014-12-04,5571547.277000002
2014-12-05,5170400.0030000005
2014-12-06,4339063.199
2014-12-07,4312507.274
2014-12-08,4992451.034
2014-12-09,4971590.659
2014-12-10,5034481.51
2014-12-11,5026620.699
2014-12-12,5168897.996
2014-12-13,4936003.957
2014-12-14,4597460.051
2014-12-15,5289301.338
2014-12-16,5471084.491
2014-12-17,4979469.145
2014-12-18,5044032.702
2014-12-19,4816698.126
2014-12-20,4193019.563
2014-12-21,4643718.935
2014-12-22,5321246.145
2014-12-23,5143675.4339999985
2014-12-24,4371457.27
2014-12-25,3677693.0710000005
2014-12-26,3591870.242
2014-12-27,3647478.572
2014-12-28,3991562.909
2014-12-29,4154928.455
2014-12-30,4008225.874
2014-12-31,3952824.653
2015-01-01,3640095.729
2015-01-02,5323070.506
2015-01-03,6340175.937999999
2015-01-04,4166689.963
2015-01-05,4692296.654
2015-01-06,5232958.03
2015-01-07,6543622.097999998
2015-01-08,6034636.8160000015
2015-01-09,4564808.07
2015-01-10,4058690.908
2015-01-11,4206844.513
2015-01-12,5763602.344
2015-01-13,5457885.966
2015-01-14,5081142.262
2015-01-15,4805088.661
2015-01-16,4874004.109
2015-01-17,4151120.111
2015-01-18,3959560.182
2015-01-19,4771771.548
2015-01-20,5301028.807
2015-01-21,6609959.536
2015-01-22,6810634.804
2015-01-23,5808162.619
2015-01-24,4624994.598
2015-01-25,3960625.514
2015-01-26,3992663.203
2015-01-27,4837316.951
2015-01-28,4938773.679
2015-01-29,4904517.719
2015-01-30,4844221.692
2015-01-31,4211692.087
2015-02-01,4231339.214
2015-02-02,4901571.821
2015-02-03,4909736.227
2015-02-04,4879995.706
2015-02-05,5065429.654
2015-02-06,6222123.747
2015-02-07,6002613.114
2015-02-08,4598786.992
2015-02-09,5356085.324
2015-02-10,6149775.214
2015-02-11,6221360.379
2015-02-12,5301980.636
2015-02-13,5845109.73
2015-02-14,4839693.518
2015-02-15,5620427.58
2015-02-16,5704802.744
2015-02-17,5153686.135
2015-02-18,5119989.403
2015-02-19,5781142.182
2015-02-20,5926762.943
2015-02-21,6140765.716
2015-02-22,6462763.677999998
2015-02-23,5959446.69
2015-02-24,5042564.64
2015-02-25,5378159.351
2015-02-26,5358991.587
2015-02-27,5241122.755
2015-02-28,4766356.372
2015-03-01,4287430.959
2015-03-02,5028001.734
2015-03-03,5133818.886
2015-03-04,5133826.085
2015-03-05,4932305.054
2015-03-06,4953176.923
2015-03-07,4195915.696
2015-03-08,4032554.478
2015-03-09,4227642.449
2015-03-10,5026318.121
2015-03-11,5039242.381
2015-03-12,5001915.449
2015-03-13,4929001.446
2015-03-14,4378221.842
2015-03-15,4196133.968
2015-03-16,5025661.19
2015-03-17,5147729.133
2015-03-18,5197064.824
2015-03-19,5511507.205
2015-03-20,4953625.199
2015-03-21,4252729.3089999985
2015-03-22,4340312.856000002
2015-03-23,5275809.565
2015-03-24,5245928.196
2015-03-25,5079068.529
2015-03-26,5298827.587
2015-03-27,5259692.065
2015-03-28,4527233.041
2015-03-29,4289511.893
2015-03-30,5062592.342
2015-03-31,5097043.473
2015-04-01,5241951.937
2015-04-02,4951555.04
2015-04-03,4048837.83
2015-04-04,3957731.328
2015-04-05,3921021.348
2015-04-06,4294193.313999998
2015-04-07,5570188.536
2015-04-08,5454057.927999998
2015-04-09,5410508.097
2015-04-10,5258189.159
2015-04-11,4518692.164
2015-04-12,4541290.6669999985
2015-04-13,5437847.801
2015-04-14,5354072.511
2015-04-15,5265718.138
2015-04-16,5214946.04
2015-04-17,5384302.784
2015-04-18,4751026.029
2015-04-19,5291571.929
2015-04-20,6170134.744
2015-04-21,6065745.043
2015-04-22,5909740.444
2015-04-23,5544215.585
2015-04-24,5341939.364
2015-04-25,5185130.784
2015-04-26,5492762.774
2015-04-27,6256059.234
2015-04-28,6263082.797
2015-04-29,6107447.219
2015-04-30,6046788.41
2015-05-01,5700942.222999998
2015-05-02,4896215.318
2015-05-03,4831539.82
2015-05-04,5637027.562999999
2015-05-05,5846218.666
2015-05-06,6246165.746
2015-05-07,6471351.477999999
2015-05-08,6282960.796
2015-05-09,5229424.231000002
2015-05-10,5396654.0079999985
2015-05-11,6213692.22
2015-05-12,6487846.482999999
2015-05-13,7277481.67
2015-05-14,6977891.217
2015-05-15,6609182.028
2015-05-16,5516237.096
2015-05-17,5318145.231000002
2015-05-18,6134457.887999998
2015-05-19,6382513.345
2015-05-20,6141916.806
2015-05-21,6686799.491
2015-05-22,6568068.798
2015-05-23,5801415.875
2015-05-24,5942000.396000002
2015-05-25,6754113.344
2015-05-26,6973949.995
2015-05-27,6533534.579
2015-05-28,6108761.807999998
2015-05-29,6252344.827000001
2015-05-30,5545821.375
2015-05-31,5846920.695
2015-06-01,7437157.999
2015-06-02,7643998.33
2015-06-03,7395074.315
2015-06-04,8097709.426
2015-06-05,7331860.364
2015-06-06,5915283.709
2015-06-07,5837089.461
2015-06-08,5726236.41
2015-06-09,6867016.182
2015-06-10,7202480.76
2015-06-11,7046992.913
2015-06-12,7410304.946
2015-06-13,6377427.172
2015-06-14,6103293.549
2015-06-15,6862959.832
2015-06-16,6747271.41
2015-06-17,6608447.044
2015-06-18,7066410.237000002
2015-06-19,7140500.892999998
2015-06-20,6717847.261
2015-06-21,6780913.81
2015-06-22,7850350.796
2015-06-23,6895226.413
2015-06-24,6534510.19
2015-06-25,6768384.982999999
2015-06-26,6409799.726
2015-06-27,6159564.205
2015-06-28,6010270.145
2015-06-29,7040983.98
2015-06-30,7132037.835
2015-07-01,6908109.339
2015-07-02,7174838.088
2015-07-03,7442716.88
2015-07-04,7032117.646000002
2015-07-05,6318134.124
2015-07-06,7857784.33
2015-07-07,7249100.143999998
2015-07-08,7189722.762999998
2015-07-09,7251503.785
2015-07-10,7153610.072000002
2015-07-11,6671420.748
2015-07-12,7404935.538
2015-07-13,7847935.332
2015-07-14,8239143.925
2015-07-15,8124273.041
2015-07-16,7779729.65
2015-07-17,7807119.6329999985
2015-07-18,6844022.783
2015-07-19,7194130.167
2015-07-20,8129751.584
2015-07-21,7455642.095
2015-07-22,7034293.927999998
2015-07-23,7119780.623
2015-07-24,7054232.677
2015-07-25,6576430.39
2015-07-26,6882940.889
2015-07-27,7902408.786
2015-07-28,7284694.364
2015-07-29,7229906.962999999
2015-07-30,7916851.552
2015-07-31,7387895.802999998
2015-08-01,6921572.659
2015-08-02,6564985.427
2015-08-03,7854516.752
2015-08-04,8153089.586
2015-08-05,7976535.135
2015-08-06,7916729.256
2015-08-07,7430124.631
2015-08-08,6610532.318
2015-08-09,6601236.287000001
2015-08-10,7173741.871
2015-08-11,7222681.863
2015-08-12,7107125.498
2015-08-13,7210280.397999999
2015-08-14,6699441.85
2015-08-15,5851940.415
2015-08-16,5987639.347
2015-08-17,7187377.336
2015-08-18,7595200.716
2015-08-19,7246030.462999999
2015-08-20,6910180.461
2015-08-21,6452810.074
2015-08-22,5224151.896000002
2015-08-23,5297042.856000002
2015-08-24,6680637.19
2015-08-25,6852590.344
2015-08-26,6591101.9070000015
2015-08-27,7145276.697000002
2015-08-28,6900771.3089999985
2015-08-29,6671236.506
2015-08-30,6115978.915
2015-08-31,7087507.345
2015-09-01,6538001.322000002
2015-09-02,6509396.86
2015-09-03,6470254.58
2015-09-04,6433419.853999998
2015-09-05,5662282.743
2015-09-06,5740634.012999998
2015-09-07,7089049.642000001
2015-09-08,6931666.797
2015-09-09,6639555.764
2015-09-10,6136120.147999999
2015-09-11,5842110.332
2015-09-12,4889177.032
2015-09-13,4397284.388
2015-09-14,5046786.946
2015-09-15,5378520.547
2015-09-16,5677423.81
2015-09-17,5975625.125
2015-09-18,6033903.221
2015-09-19,4983550.851
2015-09-20,4495156.594
2015-09-21,5747661.5929999985
2015-09-22,6404406.534
2015-09-23,6456969.595
2015-09-24,6415425.98
2015-09-25,5825898.653
2015-09-26,4917324.779
2015-09-27,4583619.027
2015-09-28,5391963.288
2015-09-29,5606557.549
2015-09-30,5608945.156
2015-10-01,5370129.444
2015-10-02,4435821.265
2015-10-03,4328210.587
2015-10-04,4306233.448
2015-10-05,5599612.927
2015-10-06,5779443.986000001
2015-10-07,4940710.183
2015-10-08,4984050.177
2015-10-09,5177495.821
2015-10-10,4585657.752
2015-10-11,4280300.4339999985
2015-10-12,5102163.622
2015-10-13,5015931.268
2015-10-14,5149839.181
2015-10-15,5750143.392000001
2015-10-16,5085429.506
2015-10-17,4264317.31
2015-10-18,4121801.723
2015-10-19,4983911.4169999985
2015-10-20,5282565.451
2015-10-21,5149854.704
2015-10-22,5242240.587
2015-10-23,5110425.384
2015-10-24,4338478.5589999985
2015-10-25,4369688.116
2015-10-26,5120515.586
2015-10-27,4978807.536
2015-10-28,5035858.617
2015-10-29,5125723.136
2015-10-30,5101509.326
2015-10-31,4404001.715
2015-11-01,4233728.141
2015-11-02,4798043.632
2015-11-03,4150923.648
2015-11-04,5106991.619
2015-11-05,5215836.32
2015-11-06,5155523.768999998
2015-11-07,4371415.482
2015-11-08,4186415.964
2015-11-09,5461001.654
2015-11-10,5134271.353
2015-11-11,5026919.261
2015-11-12,4994373.978
2015-11-13,4915408.7
2015-11-14,4284896.8780000005
2015-11-15,4132732.968
2015-11-16,5068308.532
2015-11-17,5419547.8829999985
2015-11-18,5391772.582
2015-11-19,5830833.228999998
2015-11-20,5034706.904
2015-11-21,4248171.45
2015-11-22,4075122.604
2015-11-23,4867068.606000002
2015-11-24,4953731.871
2015-11-25,5343630.654
2015-11-26,4958798.531
2015-11-27,4953293.523
2015-11-28,4218885.768
2015-11-29,4101927.352
2015-11-30,5274053.608
2015-12-01,4988004.953
2015-12-02,4838098.017
2015-12-03,4887053.911
2015-12-04,5348918.355
2015-12-05,4703564.12
2015-12-06,4563261.9410000015
2015-12-07,5486267.239
2015-12-08,6224396.092
2015-12-09,5318081.436000002
2015-12-10,5180313.938
2015-12-11,4927983.596
2015-12-12,4183011.378
2015-12-13,4181790.396
2015-12-14,5055429.67
2015-12-15,5239195.891
2015-12-16,5825921.232000002
2015-12-17,7157997.375
2015-12-18,7532697.85
2015-12-19,7716820.557
2015-12-20,6552022.299
2015-12-21,5003158.375
2015-12-22,4940356.9180000005
2015-12-23,5356951.015
2015-12-24,6149978.2179999985
2015-12-25,5759981.826
2015-12-26,3950850.928
2015-12-27,3537252.628
2015-12-28,3663190.89
2015-12-29,4090507.675
2015-12-30,5037502.463
2015-12-31,6572550.366
2016-01-01,4683409.892
2016-01-02,4144130.925
2016-01-03,4041606.415
2016-01-04,4616195.881
2016-01-05,4741002.102
2016-01-06,4803918.8160000015
2016-01-07,4601059.409
2016-01-08,4433185.577
2016-01-09,3947555.76
2016-01-10,4404195.216
2016-01-11,5843982.504
2016-01-12,5393557.333
2016-01-13,7516265.495
2016-01-14,5096322.523
2016-01-15,4586070.944
2016-01-16,3982969.505
2016-01-17,4668703.842
2016-01-18,6624092.37
2016-01-19,6317572.596
2016-01-20,6118304.464
2016-01-21,5672136.34
2016-01-22,5121920.558
2016-01-23,4221337.877
2016-01-24,4040356.932
2016-01-25,4690908.055
2016-01-26,4557521.763
2016-01-27,5844271.07
2016-01-28,5750663.0260000015
2016-01-29,4977729.113
2016-01-30,4206066.169
2016-01-31,4106328.091
2016-02-01,4936389.484
2016-02-02,5716300.988
2016-02-03,5135805.902
2016-02-04,4915850.129
2016-02-05,5317764.948
2016-02-06,5399276.621
2016-02-07,5513710.115
2016-02-08,5409994.694
2016-02-09,5322354.307
2016-02-10,5326908.803
2016-02-11,5327113.744
2016-02-12,5442125.533
2016-02-13,5074839.166
2016-02-14,4374351.16
2016-02-15,5113789.903
2016-02-16,4885266.077
2016-02-17,4909027.045
2016-02-18,4978145.328
2016-02-19,4942017.402
2016-02-20,4151917.496
2016-02-21,4212495.716
2016-02-22,5131230.6680000005
2016-02-23,7056923.611000001
2016-02-24,6519087.411
2016-02-25,5860370.328
2016-02-26,5140104.747
2016-02-27,4410429.755
2016-02-28,4263011.067
2016-02-29,5140076.473
2016-03-01,6066348.536
2016-03-02,6232014.418
2016-03-03,5547262.405
2016-03-04,6394583.168
2016-03-05,4938432.738
2016-03-06,4820768.74
2016-03-07,5448986.423
2016-03-08,7487068.534
2016-03-09,6862239.68
2016-03-10,5455659.204
2016-03-11,5901956.226
2016-03-12,4603494.033
2016-03-13,4236832.737
2016-03-14,4314497.937
2016-03-15,5211981.267
2016-03-16,5726972.271000002
2016-03-17,6623583.455
2016-03-18,5289200.869
2016-03-19,4364433.9010000015
2016-03-20,4167404.168
2016-03-21,4929728.765
2016-03-22,5009849.619
2016-03-23,5082270.907
2016-03-24,4964100.134
2016-03-25,3966938.901
2016-03-26,3920207.592
2016-03-27,3729923.053
2016-03-28,4065656.398
2016-03-29,4976496.771000002
2016-03-30,5049737.866
2016-03-31,4965409.419
2016-04-01,4910377.369
2016-04-02,4302808.437
2016-04-03,4211881.154
2016-04-04,4959360.5430000005
2016-04-05,5053563.065
2016-04-06,5237168.704
2016-04-07,5210507.362
2016-04-08,5134208.1910000015
2016-04-09,4484523.254
2016-04-10,4337438.05
2016-04-11,5064435.24
2016-04-12,5124030.837
2016-04-13,5130195.002
2016-04-14,5107679.821
2016-04-15,5061089.931
2016-04-16,4510873.863
2016-04-17,4374875.271000002
2016-04-18,5093342.522
2016-04-19,5097929.652
2016-04-20,5143836.389
2016-04-21,5198227.433
2016-04-22,5129072.17
2016-04-23,4525207.392
2016-04-24,4246038.772
2016-04-25,4366135.732
2016-04-26,5089715.155
2016-04-27,5099038.031
2016-04-28,5133343.4010000015
2016-04-29,5172464.435
2016-04-30,4456982.498
2016-05-01,4603469.018
2016-05-02,5498491.833
2016-05-03,5529466.119
2016-05-04,5568562.757
2016-05-05,5340680.728
2016-05-06,5109841.226
2016-05-07,4492499.048
2016-05-08,4595675.674
2016-05-09,5350854.052
2016-05-10,5537593.972999998
2016-05-11,5778483.795
2016-05-12,5389403.052999998
2016-05-13,5176170.532
2016-05-14,4526452.124
2016-05-15,4522683.748
2016-05-16,5477419.323
2016-05-17,5554347.71
2016-05-18,5505642.366
2016-05-19,5597601.017999998
2016-05-20,5517871.522000001
2016-05-21,5085004.247
2016-05-22,4774256.97
2016-05-23,5642511.615
2016-05-24,5963571.037000001
2016-05-25,6505543.606000002
2016-05-26,6882148.821
2016-05-27,6673791.365
2016-05-28,6411965.427
2016-05-29,6150572.057
2016-05-30,6864328.363
2016-05-31,7125177.142999998
2016-06-01,7196954.645
2016-06-02,7230236.787
2016-06-03,6821868.609
2016-06-04,6240628.518999998
2016-06-05,5982581.824
2016-06-06,6788860.143999998
2016-06-07,6840199.167
2016-06-08,6964414.156
2016-06-09,6542867.244
2016-06-10,6578496.293
2016-06-11,6229113.033
2016-06-12,6097013.619
2016-06-13,6620044.747
2016-06-14,7322366.905
2016-06-15,7027080.714
2016-06-16,7499408.772000001
2016-06-17,6804242.3829999985
2016-06-18,6315020.113
2016-06-19,6243456.321
2016-06-20,7103166.886
2016-06-21,7040556.476
2016-06-22,6936799.306
2016-06-23,7168870.219
2016-06-24,7855323.549
2016-06-25,7040647.135
2016-06-26,7189291.301
2016-06-27,8246220.987000002
2016-06-28,7580736.102999999
2016-06-29,7124696.597999998
2016-06-30,7781862.815
2016-07-01,7331254.292
2016-07-02,6084406.745
2016-07-03,5807817.465
2016-07-04,7193251.658
2016-07-05,7492290.352000001
2016-07-06,7288589.062000001
2016-07-07,7167002.376
2016-07-08,6797298.001
2016-07-09,6218243.193
2016-07-10,6719910.336
2016-07-11,7095314.356000002
2016-07-12,7466515.719
2016-07-13,8122722.165
2016-07-14,7790309.89
2016-07-15,7252000.817000002
2016-07-16,6150161.359
2016-07-17,6285391.781
2016-07-18,6540965.701
2016-07-19,6459020.359
2016-07-20,6425012.552999998
2016-07-21,6614643.786
2016-07-22,6391883.55
2016-07-23,6604536.014
2016-07-24,6848538.585
2016-07-25,7744577.277000002
2016-07-26,8144389.255
2016-07-27,7797212.954
2016-07-28,7524965.846
2016-07-29,7200444.765
2016-07-30,6480385.214
2016-07-31,5873072.392999998
2016-08-01,7194528.682
2016-08-02,7163643.2760000015
2016-08-03,7289760.45
2016-08-04,7250054.04
2016-08-05,7408618.912
2016-08-06,6755199.299
2016-08-07,6133335.514
2016-08-08,7503825.709
2016-08-09,6888846.295
2016-08-10,6812075.267999998
2016-08-11,7088731.954
2016-08-12,7063897.981000002
2016-08-13,6249810.107999999
2016-08-14,5708723.755
2016-08-15,6146375.511
2016-08-16,6095350.937000001
2016-08-17,6183295.789
2016-08-18,5854574.046
2016-08-19,6322276.432
2016-08-20,6160666.505
2016-08-21,6054345.15
2016-08-22,6973687.885
2016-08-23,6677603.228999998
2016-08-24,7077734.164
2016-08-25,7015589.603999998
2016-08-26,7040588.945
2016-08-27,6014205.36
2016-08-28,5584449.55
2016-08-29,6031074.924
2016-08-30,6348054.856000002
2016-08-31,5773831.811000002
2016-09-01,5957877.291
2016-09-02,6067734.913
2016-09-03,5433453.588
2016-09-04,5280344.305
2016-09-05,5726550.962
2016-09-06,5532542.365
2016-09-07,5325796.508
2016-09-08,5158474.609
2016-09-09,5369716.6329999985
2016-09-10,5238885.211
2016-09-11,5234440.666
2016-09-12,6382632.865
2016-09-13,6826756.447000002
2016-09-14,6404837.385
2016-09-15,6801459.485
2016-09-16,6278555.313999998
2016-09-17,4977639.321
2016-09-18,5537244.106000002
2016-09-19,6045976.335
2016-09-20,5687424.699
2016-09-21,5996360.06
2016-09-22,6326647.929
2016-09-23,5757050.511
2016-09-24,4816128.522
2016-09-25,4973892.584
2016-09-26,5950857.324
2016-09-27,6182789.092
2016-09-28,5777845.534
2016-09-29,5820159.772000001
2016-09-30,5104329.62
2016-10-01,4946652.916
2016-10-02,4547380.947
2016-10-03,5620299.958
2016-10-04,6295944.385
2016-10-05,6640093.909
2016-10-06,5333827.679
2016-10-07,5204543.094
2016-10-08,4573736.725
2016-10-09,4624920.246
2016-10-10,5583480.978999998
2016-10-11,5995127.165
2016-10-12,6152002.722
2016-10-13,5879260.204
2016-10-14,5444076.068
2016-10-15,4459117.251
2016-10-16,4511193.255
2016-10-17,5388137.802
2016-10-18,5785220.536
2016-10-19,5763331.687000001
2016-10-20,5329413.344
2016-10-21,5872437.612000002
2016-10-22,5936537.416
2016-10-23,5600154.547
2016-10-24,5802543.664
2016-10-25,5251470.681
2016-10-26,5339517.869
2016-10-27,5352147.56
2016-10-28,5280002.152
2016-10-29,4341874.733
2016-10-30,4221146.6669999985
2016-10-31,5153763.538
2016-11-01,4673267.855
2016-11-02,5526728.017999998
2016-11-03,5098488.355
2016-11-04,5010751.371
2016-11-05,4683331.71
2016-11-06,4329802.721
2016-11-07,4986808.598
2016-11-08,4920291.524
2016-11-09,5078471.408
2016-11-10,5058944.723
2016-11-11,4919277.371
2016-11-12,4380162.613
2016-11-13,4515985.702
2016-11-14,5420872.275
2016-11-15,5256405.656
2016-11-16,5054358.607
2016-11-17,5210356.033
2016-11-18,4890363.812
2016-11-19,4175139.836
2016-11-20,4559655.362
2016-11-21,6414141.409
2016-11-22,5162156.34
2016-11-23,5093762.438999998
2016-11-24,5166151.957
2016-11-25,5115095.872
2016-11-26,4475518.55
2016-11-27,4477823.912
2016-11-28,4937907.893
2016-11-29,4870992.492
2016-11-30,5011088.244
2016-12-01,4905296.142
2016-12-02,4820757.649
2016-12-03,4194790.311000002
2016-12-04,4491554.103
2016-12-05,4958966.912
2016-12-06,4861150.18
2016-12-07,5020225.374
2016-12-08,5028676.117
2016-12-09,4889045.306
2016-12-10,4248802.842
2016-12-11,4088418.269
2016-12-12,5450510.216
2016-12-13,6057398.797
2016-12-14,5006449.518
2016-12-15,4780851.186000002
2016-12-16,4917658.997
2016-12-17,4137733.161
2016-12-18,4008862.567
2016-12-19,4983814.024
2016-12-20,4892814.4739999985
2016-12-21,4749529.244
2016-12-22,4696613.351
2016-12-23,4933330.927
2016-12-24,5162082.718
2016-12-25,5536177.356000002
2016-12-26,4661183.857
2016-12-27,4286061.665
2016-12-28,6110996.785
2016-12-29,6599045.679
2016-12-30,5147806.339
2016-12-31,4177308.855
2017-01-01,3689544.824
2017-01-02,3773205.473
2017-01-03,4136459.646
2017-01-04,4880433.947
2017-01-05,5778544.259
2017-01-06,6429220.477000001
2017-01-07,6852230.785
2017-01-08,6002101.963
2017-01-09,5227333.842
2017-01-10,5381753.451
2017-01-11,4985342.136
2017-01-12,5168470.216
2017-01-13,5119071.056
2017-01-14,4031277.584
2017-01-15,3898985.799
2017-01-16,5476420.279
2017-01-17,6957275.498
2017-01-18,5058220.936000002
2017-01-19,4874211.34
2017-01-20,4815992.4739999985
2017-01-21,4085035.663
2017-01-22,4503750.31
2017-01-23,6820334.922
2017-01-24,5329247.912
2017-01-25,4850412.897
2017-01-26,4042273.176
2017-01-27,4846579.328
2017-01-28,4499369.785
2017-01-29,4645768.803
2017-01-30,5451517.319
2017-01-31,4940896.66
2017-02-01,4805921.655
2017-02-02,4897291.1110000005
2017-02-03,5168667.282
2017-02-04,5450333.682
2017-02-05,5233036.622
2017-02-06,4981350.965
2017-02-07,5171471.32
2017-02-08,7191083.052
2017-02-09,7947403.337
2017-02-10,6219149.359
2017-02-11,4799043.397
2017-02-12,4166584.044
2017-02-13,4807541.707
2017-02-14,4776382.437
2017-02-15,5194603.119
2017-02-16,5174922.317
2017-02-17,4929606.478999998
2017-02-18,4154332.787
2017-02-19,4237744.473
2017-02-20,4859487.892
2017-02-21,4828135.197
2017-02-22,5445789.834
2017-02-23,5306102.562
2017-02-24,4866383.407
2017-02-25,4139715.818
2017-02-26,4468774.36
2017-02-27,6130179.986000001
2017-02-28,6837849.475
2017-03-01,6609006.17
2017-03-02,5814754.65
2017-03-03,5671592.67
2017-03-04,5191564.745
2017-03-05,4769976.32
2017-03-06,5456194.54
2017-03-07,5397276.207
2017-03-08,5710445.556
2017-03-09,6041233.982000002
2017-03-10,5576286.161
2017-03-11,4604374.325
2017-03-12,4490920.234
2017-03-13,4687757.709
2017-03-14,6431598.539
2017-03-15,7226628.37
2017-03-16,5812890.194
2017-03-17,5030714.116
2017-03-18,4786267.004
2017-03-19,5451762.3270000005
2017-03-20,6408985.817000002
2017-03-21,5985553.436000002
2017-03-22,5274106.749
2017-03-23,5138089.863
2017-03-24,5077153.259
2017-03-25,4904325.214
2017-03-26,4843299.6110000005
2017-03-27,5644086.781
2017-03-28,5022780.99
2017-03-29,5102345.928
2017-03-30,4900818.421
2017-03-31,4987541.891
2017-04-01,4448835.49
2017-04-02,4467586.147
2017-04-03,5072693.745
2017-04-04,5009162.639
2017-04-05,4966393.1510000015
2017-04-06,4967419.3610000005
2017-04-07,4919263.09
2017-04-08,4424325.975
2017-04-09,4655012.468
2017-04-10,5701757.708
2017-04-11,5245182.266
2017-04-12,5141277.01
2017-04-13,5001904.2930000005
2017-04-14,4248061.534
2017-04-15,4206440.548
2017-04-16,4112882.332
2017-04-17,4403878.297
2017-04-18,5199936.852
2017-04-19,5063649.656
2017-04-20,5004068.711
2017-04-21,5090126.101
2017-04-22,4420316.415
2017-04-23,4270417.186000002
2017-04-24,4931244.287
2017-04-25,4558813.094
2017-04-26,5938214.69
2017-04-27,6320222.332
2017-04-28,5779369.15
2017-04-29,4908664.432
2017-04-30,4918361.971
2017-05-01,5587594.036
2017-05-02,6006078.231000002
2017-05-03,6134633.0589999985
2017-05-04,6199061.501
2017-05-05,6032684.489
2017-05-06,5470758.646000002
2017-05-07,5761404.266
2017-05-08,6527251.95
2017-05-09,6290266.916
2017-05-10,6087768.748
2017-05-11,6469217.39
2017-05-12,6285259.911
2017-05-13,5493104.222999998
2017-05-14,5746445.0929999985
2017-05-15,6709052.244
2017-05-16,6666260.609
2017-05-17,6581556.125
2017-05-18,6068548.009
2017-05-19,6194770.687999999
2017-05-20,5226760.796
2017-05-21,5228369.75
2017-05-22,5786896.923
2017-05-23,5691118.903
2017-05-24,5847753.287000001
2017-05-25,5871106.014
2017-05-26,5728807.017999998
2017-05-27,5210796.0830000015
2017-05-28,5772346.204
2017-05-29,6909183.839
2017-05-30,7108519.018999998
2017-05-31,7240092.507
2017-06-01,7098295.772999999
2017-06-02,6809066.017000001
2017-06-03,6018349.85
2017-06-04,6259164.932999998
2017-06-05,7113040.967
2017-06-06,7181539.866
2017-06-07,7030562.852999999
2017-06-08,7423586.46
2017-06-09,6857493.878
2017-06-10,5998968.31
2017-06-11,5943703.464
2017-06-12,6306516.337
2017-06-13,7077953.193
2017-06-14,7102887.826
2017-06-15,6796527.703
2017-06-16,6764175.234
2017-06-17,6269722.486000001
2017-06-18,6079647.6
2017-06-19,6976927.126
2017-06-20,6866368.353999998
2017-06-21,7044045.05
2017-06-22,7143969.83
2017-06-23,7012619.9920000015
2017-06-24,6370976.641
2017-06-25,6407077.056
2017-06-26,7158071.62
2017-06-27,7571502.62
2017-06-28,7378411.667
2017-06-29,7414461.573
2017-06-30,7368404.597999998
2017-07-01,7094098.11
2017-07-02,7072379.088
2017-07-03,7975750.756
2017-07-04,7127935.998
2017-07-05,6949791.571
2017-07-06,7231263.839
2017-07-07,7010681.484
2017-07-08,6685388.339
2017-07-09,6493509.302999998
2017-07-10,7241440.774
2017-07-11,7039857.302999998
2017-07-12,7449695.547
2017-07-13,7623869.284
2017-07-14,7143906.735
2017-07-15,6725318.36
2017-07-16,7166605.062999999
2017-07-17,7560670.554
2017-07-18,7439501.054
2017-07-19,7544719.993
2017-07-20,7907029.097
2017-07-21,7655065.18
2017-07-22,7322027.562000001
2017-07-23,6855141.589
2017-07-24,7315475.677
2017-07-25,7014585.677
2017-07-26,6997470.82
2017-07-27,7480492.357999999
2017-07-28,7019323.057
2017-07-29,6081986.212
2017-07-30,5617028.423
2017-07-31,6664585.3829999985
2017-08-01,7032174.628
2017-08-02,7650027.919
2017-08-03,8395488.477
2017-08-04,7888293.707
2017-08-05,6627863.143999998
2017-08-06,6870810.725
2017-08-07,7913007.546
2017-08-08,7503435.481000002
2017-08-09,6803041.052
2017-08-10,6377802.075
2017-08-11,6313909.119
2017-08-12,5745660.101
2017-08-13,5395772.359
2017-08-14,5857085.897000001
2017-08-15,6355767.041
2017-08-16,6093916.254
2017-08-17,6640913.182999998
2017-08-18,7242075.537
2017-08-19,6651318.143999998
2017-08-20,6282420.305
2017-08-21,7655245.755
2017-08-22,6887203.14
2017-08-23,6888908.114
2017-08-24,7043440.147000001
2017-08-25,6760277.286
2017-08-26,5975977.491
2017-08-27,6469905.202000001
2017-08-28,7302829.811000002
2017-08-29,7285862.171
2017-08-30,7192487.9
2017-08-31,6834779.402000002
2017-09-01,6788930.754
2017-09-02,6002752.142000001
2017-09-03,5606473.408
2017-09-04,6992517.902000002
2017-09-05,7763230.377
2017-09-06,7529502.499
2017-09-07,7182856.179
2017-09-08,7050391.753
2017-09-09,6140058.169
2017-09-10,5871197.81
2017-09-11,6712845.952000001
2017-09-12,6303862.552999998
2017-09-13,6434745.509
2017-09-14,6908369.213
2017-09-15,6595236.891
2017-09-16,5969920.938999998
2017-09-17,5554192.58
2017-09-18,5998549.409
2017-09-19,6149607.446
2017-09-20,5963815.11
2017-09-21,5660448.7760000015
2017-09-22,5093207.483
2017-09-23,4377939.142
2017-09-24,4373901.01
2017-09-25,5584389.565
2017-09-26,5713321.413
2017-09-27,5469712.534
2017-09-28,5345437.525
2017-09-29,4780875.572
2017-09-30,4724788.8089999985
2017-10-01,4878664.802
2017-10-02,5547515.924
2017-10-03,5275731.871
2017-10-04,5076337.0419999985
2017-10-05,5139550.891
2017-10-06,5520912.887
2017-10-07,4557700.869
2017-10-08,4253970.881
2017-10-09,4980030.623
2017-10-10,4989759.0430000005
2017-10-11,5201876.367
2017-10-12,5202815.53
2017-10-13,5251767.654
2017-10-14,4546888.48
2017-10-15,4375215.017
2017-10-16,5012669.028
2017-10-17,5184191.606000002
2017-10-18,5550598.916
2017-10-19,5294388.883
2017-10-20,4813257.866
2017-10-21,4565079.221
2017-10-22,4609237.209
2017-10-23,5022964.481000002
2017-10-24,5000024.712
2017-10-25,5117760.353999998
2017-10-26,5262762.32
2017-10-27,4980493.403
2017-10-28,4284605.403
2017-10-29,4246313.688
2017-10-30,5058295.787
2017-10-31,5163167.625
2017-11-01,5224545.804
2017-11-02,5249838.427
2017-11-03,5331718.154
2017-11-04,4706523.992
2017-11-05,4438280.1
2017-11-06,5123630.9339999985
2017-11-07,4729834.591
2017-11-08,5148705.03
2017-11-09,4962268.618
2017-11-10,4940614.057
2017-11-11,4430507.443
2017-11-12,4304010.662
2017-11-13,5717944.3489999985
2017-11-14,6572254.397999999
2017-11-15,6296452.789
2017-11-16,5286519.2239999985
2017-11-17,5228160.791
2017-11-18,4682250.764
2017-11-19,4686747.613
2017-11-20,6211104.785
2017-11-21,6834956.3089999985
2017-11-22,7063499.579
2017-11-23,6458273.012
2017-11-24,6233196.347
2017-11-25,5746229.762
2017-11-26,4979328.923
2017-11-27,5139046.357
2017-11-28,5821181.116
2017-11-29,7690385.891
2017-11-30,8138765.005
2017-12-01,5882357.66
2017-12-02,4565839.512
2017-12-03,4332821.522
2017-12-04,5043745.098
2017-12-05,4901394.298
2017-12-06,4878629.629
2017-12-07,4962605.714
2017-12-08,4766317.473
2017-12-09,4246659.156
2017-12-10,4068563.808
2017-12-11,4853102.768
2017-12-12,5134996.999
2017-12-13,7094125.913
2017-12-14,5837738.707
2017-12-15,5297255.017
2017-12-16,4545292.037
2017-12-17,4578345.374
2017-12-18,6303837.942000002
2017-12-19,6908074.753
2017-12-20,5180561.518999998
2017-12-21,4941109.847
2017-12-22,5023881.601
2017-12-23,4461623.321
2017-12-24,3851947.371
2017-12-25,3567862.869
2017-12-26,4010757.44
2017-12-27,5789527.335
2017-12-28,5551419.682
2017-12-29,4510543.588
2017-12-30,3829902.147
2017-12-31,3708030.937
2018-01-01,3759688.195
2018-01-02,4206833.739
2018-01-03,4183068.156
2018-01-04,4348462.455
2018-01-05,4860247.751
2018-01-06,5997851.882
2018-01-07,4223377.972
2018-01-08,4734359.978999998
2018-01-09,4633478.005
2018-01-10,4794985.106000002
2018-01-11,6135261.801
2018-01-12,5836629.1510000015
2018-01-13,4148550.202
2018-01-14,3864890.628
2018-01-15,4655623.536
2018-01-16,4881329.815
2018-01-17,5485571.2
2018-01-18,7399366.3489999985
2018-01-19,8212089.546
2018-01-20,5462561.235
2018-01-21,5566876.578
2018-01-22,6011125.021000002
2018-01-23,5385745.614
2018-01-24,5273357.993
2018-01-25,5849398.11
2018-01-26,5408232.494
2018-01-27,6384897.485
2018-01-28,8397815.77
2018-01-29,8342834.17
2018-01-30,5147639.246
2018-01-31,4787781.158
2018-02-01,4747747.856000002
2018-02-02,4832099.596
2018-02-03,4567633.829
2018-02-04,4666367.141
2018-02-05,5524180.679
2018-02-06,6178731.747
2018-02-07,7935682.567000002
2018-02-08,6929204.262999998
2018-02-09,6054080.569
2018-02-10,5226705.508
2018-02-11,4303861.802
2018-02-12,4943324.193
2018-02-13,5398590.244
2018-02-14,5123788.268999998
2018-02-15,4944529.734
2018-02-16,4859182.433
2018-02-17,4328389.19
2018-02-18,4304212.2080000015
2018-02-19,5090669.427
2018-02-20,5336000.196
2018-02-21,5406730.471
2018-02-22,6140242.23
2018-02-23,6672507.083
2018-02-24,5534797.5660000015
2018-02-25,4222678.202
2018-02-26,5156719.508
2018-02-27,5887733.363
2018-02-28,5908960.4410000015
2018-03-01,5046730.846
2018-03-02,5025156.834
2018-03-03,4776708.5989999985
2018-03-04,4207671.355
2018-03-05,4833808.366
2018-03-06,4986524.637
2018-03-07,5378032.011
2018-03-08,5749761.871
2018-03-09,5801801.864
2018-03-10,5513413.587
2018-03-11,4468289.118
2018-03-12,4233113.212
2018-03-13,4891728.797
2018-03-14,4890545.781
2018-03-15,4885452.037
2018-03-16,4892906.964
2018-03-17,4988249.357
2018-03-18,4589677.3160000015
2018-03-19,5067265.587
2018-03-20,4920157.492
2018-03-21,4929104.445
2018-03-22,5051414.625
2018-03-23,5429843.699
2018-03-24,4689383.879
2018-03-25,4424551.9860000005
2018-03-26,4951820.265
2018-03-27,4940184.117
2018-03-28,5106158.509
2018-03-29,4906580.109
2018-03-30,3982542.912
2018-03-31,3853309.777
2018-04-01,3792802.738
2018-04-02,4014966.878
2018-04-03,4788604.363
2018-04-04,4838017.79
2018-04-05,4899940.703
2018-04-06,4813835.7919999985
2018-04-07,4239683.69
2018-04-08,4247927.6910000015
2018-04-09,4922512.932
2018-04-10,5125888.152
2018-04-11,5093941.929
2018-04-12,5103216.102
2018-04-13,4925844.087
2018-04-14,4662805.0260000015
2018-04-15,4710448.225
2018-04-16,5156440.131
2018-04-17,5289703.506
2018-04-18,5341285.624
2018-04-19,5166980.047
2018-04-20,5125160.054
2018-04-21,4546380.925
2018-04-22,4419615.87
2018-04-23,5030690.101
2018-04-24,5017662.798
2018-04-25,4412463.46
2018-04-26,5187330.829
2018-04-27,5227078.694
2018-04-28,4783954.112
2018-04-29,4639597.527
2018-04-30,5370498.079
2018-05-01,5425418.871
2018-05-02,5255944.768999998
2018-05-03,5190443.638
2018-05-04,5486316.012
2018-05-05,4849505.04
2018-05-06,4655325.925
2018-05-07,5505315.609
2018-05-08,5390255.91
2018-05-09,5724787.298
2018-05-10,6467774.291
2018-05-11,6980758.512999998
2018-05-12,5544845.173
2018-05-13,5141748.209
2018-05-14,6409794.459
2018-05-15,6628154.264
2018-05-16,6648882.7239999985
2018-05-17,6526106.982000002
2018-05-18,6129874.568
2018-05-19,5821676.512
2018-05-20,5787818.756
2018-05-21,6355100.597999998
2018-05-22,6283876.255
2018-05-23,6301240.322000002
2018-05-24,6259483.29
2018-05-25,6121145.31
2018-05-26,5622090.024
2018-05-27,5288393.938999998
2018-05-28,5841504.501
2018-05-29,5893630.377
2018-05-30,6468095.416
2018-05-31,6610657.056
2018-06-01,6886781.831
2018-06-02,6364362.701
2018-06-03,6400508.318
2018-06-04,6994939.182999998
2018-06-05,6683190.8829999985
2018-06-06,6763432.887
2018-06-07,6629399.102000001
2018-06-08,6670997.451
2018-06-09,5609452.779
2018-06-10,5661445.788
2018-06-11,6014314.209
2018-06-12,6696897.584
2018-06-13,6987406.834
2018-06-14,7102734.337
2018-06-15,7290257.34
2018-06-16,6931895.035
2018-06-17,7188058.321
2018-06-18,7627793.87
2018-06-19,7840493.947000002
2018-06-20,7831342.529
2018-06-21,7591046.887999998
2018-06-22,7521082.967
2018-06-23,7106427.642999998
2018-06-24,6668797.3829999985
2018-06-25,7299404.466
2018-06-26,7188182.588
2018-06-27,7756124.581
2018-06-28,7940519.589
2018-06-29,7700068.998
2018-06-30,6884855.859
2018-07-01,6682793.102000001
2018-07-02,7756398.065
2018-07-03,7644821.846
2018-07-04,7034516.127
2018-07-05,6528596.762999998
2018-07-06,6353159.922
2018-07-07,6408454.731000002
2018-07-08,6258892.739
2018-07-09,6974922.352000001
2018-07-10,7290911.826
2018-07-11,7587866.391
2018-07-12,7623121.413
2018-07-13,7272399.995
2018-07-14,6518955.703
2018-07-15,6643745.044
2018-07-16,7898302.9010000015
2018-07-17,7389325.457
2018-07-18,7328811.516
2018-07-19,7289178.275
2018-07-20,7631096.89
2018-07-21,6882589.75
2018-07-22,6431509.5660000015
2018-07-23,7794673.557999998
2018-07-24,7516623.244
2018-07-25,7168641.095
2018-07-26,7120908.244
2018-07-27,6563698.494
2018-07-28,5676640.481000002
2018-07-29,6001625.64
2018-07-30,7446409.418
2018-07-31,7135747.165
2018-08-01,6824918.665
2018-08-02,6989950.347999998
2018-08-03,6788660.873
2018-08-04,6255785.622
2018-08-05,5738217.134
2018-08-06,6951458.1910000015
2018-08-07,7214736.945
2018-08-08,7150169.089
2018-08-09,7411345.337
2018-08-10,6344081.48
2018-08-11,6203371.4920000015
2018-08-12,6451346.845
2018-08-13,6923887.828
2018-08-14,6461243.4
2018-08-15,6431916.302999998
2018-08-16,6787217.917
2018-08-17,6563886.006
2018-08-18,6349663.01
2018-08-19,7126161.457
2018-08-20,7900052.66
2018-08-21,7617677.482999999
2018-08-22,7232656.387
2018-08-23,6960329.435
2018-08-24,6692308.347999998
2018-08-25,5991930.265
2018-08-26,6146976.52
2018-08-27,7218237.712
2018-08-28,7675056.161
2018-08-29,7628943.622
2018-08-30,8133479.2179999985
2018-08-31,7187858.265
2018-09-01,6460464.44
2018-09-02,6517802.327000001
2018-09-03,7109163.073
2018-09-04,6689283.409
2018-09-05,6056089.607000002
2018-09-06,5832580.211
2018-09-07,6030736.875
2018-09-08,5506546.362000002
2018-09-09,5382556.788
2018-09-10,5834077.129
2018-09-11,5321638.818
2018-09-12,5275880.823
2018-09-13,5357285.742
2018-09-14,5129732.723
2018-09-15,5522972.188999998
2018-09-16,5811676.336
2018-09-17,5993193.521000002
2018-09-18,6083592.798
2018-09-19,6168522.653
2018-09-20,6076685.861000001
2018-09-21,5665605.123
2018-09-22,4895997.156
2018-09-23,5331647.664
2018-09-24,6087534.071
2018-09-25,6359914.915
2018-09-26,5882339.562999999
2018-09-27,5302528.074
2018-09-28,5286483.868
2018-09-29,5324278.533
2018-09-30,5087114.459
2018-10-01,5479388.01
2018-10-02,5202648.178
2018-10-03,5171905.4410000015
2018-10-04,5561065.677
2018-10-05,5170440.89
2018-10-06,4395095.4180000005
2018-10-07,4201919.072
2018-10-08,4892935.22
2018-10-09,5137490.6110000005
2018-10-10,5254021.797
2018-10-11,5189406.588
2018-10-12,4932219.195
2018-10-13,4242649.968
2018-10-14,4170202.831
2018-10-15,5049331.823
2018-10-16,5082300.615
2018-10-17,4858053.105
2018-10-18,4878001.317
2018-10-19,4882528.935
2018-10-20,4465766.251
2018-10-21,4220920.7760000015
2018-10-22,4840975.209
2018-10-23,4902888.179
2018-10-24,5037369.018
2018-10-25,5015830.868
2018-10-26,4946844.471
2018-10-27,4434979.419
2018-10-28,4393326.82
2018-10-29,5019232.954
2018-10-30,4929118.746
2018-10-31,4879894.527
2018-11-01,5203606.677
2018-11-02,5449472.831
2018-11-03,4087785.263
2018-11-04,3959697.246
2018-11-05,4736598.853999998
2018-11-06,4304586.4180000005
2018-11-07,5008165.635
2018-11-08,5153922.142
2018-11-09,5203840.686000002
2018-11-10,4287031.157
2018-11-11,4097926.174
2018-11-12,4982161.008
2018-11-13,5313681.388
2018-11-14,4967762.362
2018-11-15,4768187.494
2018-11-16,4733157.661
2018-11-17,4132048.086
2018-11-18,4114166.744
2018-11-19,5334427.626
2018-11-20,5354812.585
2018-11-21,4826286.169
2018-11-22,4869201.272
2018-11-23,5582176.823
2018-11-24,4682460.438
2018-11-25,4325143.843
2018-11-26,4863965.579
2018-11-27,4805261.132
2018-11-28,4811668.51
2018-11-29,4800898.944
2018-11-30,4725462.826
2018-12-01,4478859.342
2018-12-02,4129201.872
2018-12-03,4796353.492
2018-12-04,4717002.885
2018-12-05,4925857.262
2018-12-06,6498309.0989999985
2018-12-07,8308857.802999998
2018-12-08,5575044.379
2018-12-09,4310492.965
2018-12-10,4831301.654
2018-12-11,4954297.036
2018-12-12,6280571.626
2018-12-13,5218523.488
2018-12-14,5018045.392
2018-12-15,4470833.857
2018-12-16,4219806.778
2018-12-17,4881758.591
2018-12-18,4810643.393999998
2018-12-19,5080924.952
2018-12-20,4915182.717
2018-12-21,4700720.237
2018-12-22,3936328.458
2018-12-23,3877465.876
2018-12-24,5068061.42
2018-12-25,4177541.773
2018-12-26,3939124.462
2018-12-27,5760307.334
2018-12-28,6008568.37
2018-12-29,4330565.457
2018-12-30,3834523.454
2018-12-31,4103400.999
2019-01-01,3858957.991
2019-01-02,4264155.819
2019-01-03,4690920.697
2019-01-04,5841792.852000001
2019-01-05,3913922.67
2019-01-06,3730699.937
2019-01-07,4522176.411
2019-01-08,4678678.71
2019-01-09,4440206.5
2019-01-10,4419718.964
2019-01-11,5010505.994
2019-01-12,4427204.071
2019-01-13,4538930.193
2019-01-14,6719079.187999999
2019-01-15,6908755.656
2019-01-16,5909232.387999998
2019-01-17,6370372.761
2019-01-18,5746941.977999999
2019-01-19,4255138.382
2019-01-20,4245171.891
2019-01-21,5503980.766
2019-01-22,6170490.607999999
2019-01-23,5546048.851
2019-01-24,7780597.272000001
2019-01-25,8912832.263
2019-01-26,5286246.01
2019-01-27,4385012.565
2019-01-28,5366250.573
2019-01-29,6875957.481000002
2019-01-30,7175101.923
2019-01-31,5185127.796
2019-02-01,4765241.7080000015
2019-02-02,5858200.055
2019-02-03,6700247.037000001
2019-02-04,5357306.245
2019-02-05,5280422.902
2019-02-06,6694911.488
2019-02-07,6682464.846
2019-02-08,5370280.366
2019-02-09,4174014.393
2019-02-10,3999226.527
2019-02-11,5025919.508
2019-02-12,4774025.546
2019-02-13,4615655.352
2019-02-14,4676531.936000002
2019-02-15,4795897.5660000015
2019-02-16,4328133.823
2019-02-17,4514209.141
2019-02-18,5061732.575
2019-02-19,4718008.299
2019-02-20,4741220.826
2019-02-21,4717467.605
2019-02-22,4697509.185
2019-02-23,4214619.961
2019-02-24,4846462.989
2019-02-25,6388268.297
2019-02-26,5473427.77
2019-02-27,5453256.945
2019-02-28,7456716.714
2019-03-01,8553113.678
2019-03-02,7879497.047
2019-03-03,7429985.339
2019-03-04,6226115.749
2019-03-05,5515547.409
2019-03-06,4778108.335
2019-03-07,4703388.31
2019-03-08,4739710.312
2019-03-09,4168475.7
2019-03-10,3981188.175
2019-03-11,4177516.953
2019-03-12,4783533.231000002
2019-03-13,4768200.179
2019-03-14,4747516.759
2019-03-15,4729908.985
2019-03-16,4312041.286
2019-03-17,4410541.412
2019-03-18,5367062.835
2019-03-19,5171079.507
2019-03-20,5257269.6669999985
2019-03-21,5274012.752
2019-03-22,5615629.672
2019-03-23,4901701.555
2019-03-24,4808274.622
2019-03-25,4862618.865
2019-03-26,4757252.095
2019-03-27,4768582.166
2019-03-28,4909368.82
2019-03-29,4908211.427
2019-03-30,4635999.553
2019-03-31,4588015.705
2019-04-01,5214935.935
2019-04-02,5039796.03
2019-04-03,4921582.158
2019-04-04,4885117.834
2019-04-05,4991246.994
2019-04-06,4280720.872
2019-04-07,4143412.337
2019-04-08,4810168.72
2019-04-09,5006604.836
2019-04-10,5425019.87
2019-04-11,5127091.771000002
2019-04-12,5063998.391
2019-04-13,4510730.704
2019-04-14,4246244.032
2019-04-15,4891026.351
2019-04-16,5094639.891
2019-04-17,5397204.949
2019-04-18,4769114.6280000005
2019-04-19,3975759.208
2019-04-20,3918375.255
2019-04-21,3848386.4460000005
2019-04-22,4126558.329
2019-04-23,4889017.17
2019-04-24,4869106.457
2019-04-25,4323241.373
2019-04-26,5253234.323
2019-04-27,5054750.271000002
2019-04-28,4918482.957
2019-04-29,5583997.199
2019-04-30,5371363.783
2019-05-01,5055002.118
2019-05-02,5062608.289
2019-05-03,4973931.97
2019-05-04,4846041.898
2019-05-05,4919476.231000002
2019-05-06,5633232.967
2019-05-07,5610002.489
2019-05-08,5866443.036
2019-05-09,6133333.436000002
2019-05-10,6434975.967
2019-05-11,5607099.876
2019-05-12,5225233.373
2019-05-13,5731186.862000002
2019-05-14,5614953.955
2019-05-15,5733754.164
2019-05-16,5764082.824
2019-05-17,5918075.622
2019-05-18,5267313.804
2019-05-19,5019385.362
2019-05-20,5692633.793
2019-05-21,5642282.548
2019-05-22,5513042.352999999
2019-05-23,5490733.417
2019-05-24,5605063.0
2019-05-25,4830251.011
2019-05-26,5347597.728999998
2019-05-27,6974170.083
2019-05-28,7101337.536
2019-05-29,7577903.05
2019-05-30,7729016.207
2019-05-31,7083965.293
2019-06-01,6068833.115
2019-06-02,6074144.838
2019-06-03,7583465.715
2019-06-04,7434836.296
2019-06-05,7348459.07
2019-06-06,6809078.004
2019-06-07,6344625.325
2019-06-08,5734325.357000002
2019-06-09,5342529.573
2019-06-10,5376566.78
2019-06-11,6155194.425
2019-06-12,6433355.442000002
2019-06-13,6275883.267999998
2019-06-14,6299941.323
2019-06-15,6000174.69
2019-06-16,5889783.24
2019-06-17,6705599.66
2019-06-18,7364571.87
2019-06-19,7655401.336
2019-06-20,7913994.631
2019-06-21,7596580.271000002
2019-06-22,6988195.649
2019-06-23,7409942.241
2019-06-24,7927856.494
2019-06-25,7836930.9679999985
2019-06-26,7439037.427
2019-06-27,7009704.787000001
2019-06-28,6271463.001
2019-06-29,5990020.74
2019-06-30,6058967.237000002
2019-07-01,7175122.137999998
2019-07-02,7090941.823
2019-07-03,6904114.578
2019-07-04,7280213.658
2019-07-05,7054741.095
2019-07-06,5943180.679
2019-07-07,5887535.581
2019-07-08,6452831.716
2019-07-09,6848213.57
2019-07-10,6931664.708
2019-07-11,7384404.71
2019-07-12,7110957.977999999
2019-07-13,6959715.9739999985
2019-07-14,7242407.417
2019-07-15,7532929.294
2019-07-16,7226947.882
2019-07-17,7353007.171
2019-07-18,7170230.102000001
2019-07-19,6808695.86
2019-07-20,6056448.446
2019-07-21,5942583.955
2019-07-22,6826684.027000002
2019-07-23,6967429.262
2019-07-24,7213338.7760000015
2019-07-25,7014480.997
2019-07-26,7060453.734
2019-07-27,6086019.794
2019-07-28,6020284.271000002
2019-07-29,6782594.442000002
2019-07-30,7117140.864
2019-07-31,7430637.864
2019-08-01,7218502.656
2019-08-02,7010434.918
2019-08-03,6366503.597
2019-08-04,6289650.517000001
2019-08-05,6812247.767000001
2019-08-06,7524862.652000002
2019-08-07,7152507.204
2019-08-08,7384121.111
2019-08-09,8153366.408
2019-08-10,7668823.947000002
2019-08-11,7242314.534
2019-08-12,7754138.865
2019-08-13,7565828.696
2019-08-14,7370075.488
2019-08-15,7276349.784
2019-08-16,7072285.905
2019-08-17,5942329.603999998
2019-08-18,6060992.991
2019-08-19,7521062.2
2019-08-20,7150118.772999999
2019-08-21,6626205.182
2019-08-22,6733957.719
2019-08-23,6739401.121
2019-08-24,5965455.949
2019-08-25,6067609.669
2019-08-26,6883138.363
2019-08-27,6836861.6
2019-08-28,7463465.596
2019-08-29,7210021.425
2019-08-30,6976176.277000002
2019-08-31,5797512.6
2019-09-01,5660741.539
2019-09-02,6088343.802
2019-09-03,5556963.042
2019-09-04,5651699.606000002
2019-09-05,5506717.743
2019-09-06,5914214.389
2019-09-07,6109043.264
2019-09-08,6380779.6510000015
2019-09-09,7271594.515
2019-09-10,6649148.279
2019-09-11,6075594.529
2019-09-12,5937773.978999998
2019-09-13,5819504.75
2019-09-14,4819184.694
2019-09-15,5076432.41
2019-09-16,6103512.645
2019-09-17,6294666.488
2019-09-18,5950261.544
2019-09-19,5298729.4
2019-09-20,4837218.297
2019-09-21,4467588.113
2019-09-22,4828496.704
2019-09-23,5985078.502
2019-09-24,6124935.631
2019-09-25,5885741.235
2019-09-26,5357014.025
2019-09-27,5219544.62
2019-09-28,5036389.054
2019-09-29,4993439.774
2019-09-30,6030581.529
